question,answer,retrieved_sources
Как добавить элемент в список Python?,"На основе найденных материалов по запросу «Как добавить элемент в список Python?»:

[Источник 1: Списки в Python]
Список (list) — упорядоченная изменяемая коллекция объектов в Python. Создаётся с помощью квадратных скобок: my_list = [1, 2, 3]. Основные методы: append() добавляет элемент в конец, extend() расширяет список, insert(i, x) вставляет x на позицию i, remove(x) удаляет первое вхождение x, pop(i) удаляет и возвращает элемент по индексу. Срезы (slices): my_list[1:3] возвращает элементы с ",Списки в Python; Виртуальные окружения Python; Кортежи в Python
Что такое декоратор и зачем он нужен?,"На основе найденных материалов по запросу «Что такое декоратор и зачем он нужен?»:

[Источник 1: Декораторы в Python]
Декоратор — функция, принимающая функцию и возвращающая новую функцию. Синтаксис: @decorator над определением функции. functools.wraps сохраняет метаданные исходной функции. Примеры встроенных декораторов: @property, @staticmethod, @classmethod. Декораторы с аргументами — это декоратор, возвращающий декоратор. Используются для логирования, кэширования, авторизации, измерения врем",Декораторы в Python; Множества в Python; Работа с NumPy
Как работает асинхронное программирование в Python?,"На основе найденных материалов по запросу «Как работает асинхронное программирование в Python?»:

[Источник 1: Кортежи в Python]
Кортеж (tuple) — упорядоченная неизменяемая коллекция. Создаётся: my_tuple = (1, 2, 3) или tuple(). Одноэлементный кортеж: (1,) — запятая обязательна. Кортежи быстрее списков, используются для фиксированных наборов данных. Поддерживают распаковку: a, b, c = (1, 2, 3). Можно использовать как ключ словаря (в отличие от списка).

[Источник 2: Типизация в Python]
Python по",Кортежи в Python; Типизация в Python; Виртуальные окружения Python
Как читать файл в Python?,"На основе найденных материалов по запросу «Как читать файл в Python?»:

[Источник 1: Кортежи в Python]
Кортеж (tuple) — упорядоченная неизменяемая коллекция. Создаётся: my_tuple = (1, 2, 3) или tuple(). Одноэлементный кортеж: (1,) — запятая обязательна. Кортежи быстрее списков, используются для фиксированных наборов данных. Поддерживают распаковку: a, b, c = (1, 2, 3). Можно использовать как ключ словаря (в отличие от списка).

[Источник 2: Работа с файлами в Python]
Файл открывается функцией op",Кортежи в Python; Работа с файлами в Python; Модули и пакеты в Python
Что такое виртуальное окружение и как его создать?,"На основе найденных материалов по запросу «Что такое виртуальное окружение и как его создать?»:

[Источник 1: Виртуальные окружения Python]
Виртуальное окружение изолирует зависимости проекта. Создание: python -m venv venv или conda create -n env python=3.10. Активация: source venv/bin/activate (Linux/Mac), venv\Scripts\activate (Windows). pip freeze > requirements.txt сохраняет список зависимостей. pip install -r requirements.txt восстанавливает окружение. conda — альтернативный менеджер пакето",Виртуальные окружения Python; Кортежи в Python; Контекстные менеджеры в Python
Как использовать NumPy для работы с массивами?,"На основе найденных материалов по запросу «Как использовать NumPy для работы с массивами?»:

[Источник 1: Работа с файлами в Python]
Файл открывается функцией open(path, mode). Режимы: 'r' — чтение, 'w' — запись (перезапись), 'a' — дозапись, 'b' — бинарный режим, 'r+' — чтение и запись. Рекомендуется использовать контекстный менеджер: with open(path) as f: Методы файла: read(), readline(), readlines(), write(), writelines(). Для работы с путями используется модуль os.path или pathlib.Path.

[Ист",Работа с файлами в Python; Кортежи в Python; Работа с NumPy
Как написать тест с помощью pytest?,"На основе найденных материалов по запросу «Как написать тест с помощью pytest?»:

[Источник 1: Тестирование в Python с pytest]
pytest — популярный фреймворк для тестирования Python-кода. Тест — функция, начинающаяся с test_. assert используется для проверки условий. Фикстуры (fixtures) настраивают тестовую среду: @pytest.fixture. Параметризация: @pytest.mark.parametrize для запуска теста с разными данными. pytest.raises проверяет выброс исключения. Запуск: pytest test_file.py или просто pytest в",Тестирование в Python с pytest; Кортежи в Python; Списки в Python
